{"stats":{"minecraft:dropped":{"minecraft:gold_ore":1,"minecraft:brown_mushroom":3,"minecraft:yellow_concrete":1},"minecraft:used":{"minecraft:oak_log":70,"minecraft:torch":1,"minecraft:black_concrete":168,"minecraft:fire_charge":1,"minecraft:dirt":43,"minecraft:flint_and_steel":13,"minecraft:grass_block":63,"minecraft:barrier":13,"minecraft:yellow_concrete":162,"minecraft:stone":11,"minecraft:stripped_oak_log":1},"minecraft:custom":{"minecraft:time_since_rest":97259,"minecraft:crouch_one_cm":269,"minecraft:play_time":97259,"minecraft:sprint_one_cm":27721,"minecraft:walk_one_cm":126694,"minecraft:sneak_time":676,"minecraft:walk_under_water_one_cm":2345,"minecraft:drop":3,"minecraft:jump":284,"minecraft:leave_game":3,"minecraft:walk_on_water_one_cm":796,"minecraft:time_since_death":97259,"minecraft:climb_one_cm":383,"minecraft:total_world_time":97259,"minecraft:fall_one_cm":269,"minecraft:fly_one_cm":215399},"minecraft:picked_up":{"minecraft:yellow_concrete":2,"minecraft:black_concrete":1,"minecraft:brown_mushroom":6,"minecraft:wheat_seeds":1,"minecraft:poppy":1,"minecraft:oak_sapling":1,"minecraft:gold_ore":2}},"DataVersion":3953}