{"stats":{"minecraft:picked_up":{"minecraft:stick":2},"minecraft:used":{"minecraft:ender_pearl":2},"minecraft:custom":{"minecraft:jump":206,"minecraft:time_since_rest":146232,"minecraft:damage_taken":164,"minecraft:crouch_one_cm":632,"minecraft:leave_game":13,"minecraft:sprint_one_cm":33531,"minecraft:play_time":217263,"minecraft:walk_one_cm":98197,"minecraft:time_since_death":146157,"minecraft:deaths":1,"minecraft:interact_with_beacon":7,"minecraft:sneak_time":222,"minecraft:total_world_time":217263,"minecraft:climb_one_cm":2678,"minecraft:interact_with_crafting_table":9,"minecraft:fall_one_cm":2799,"minecraft:fly_one_cm":27769},"minecraft:crafted":{"minecraft:diamond_sword":1}},"DataVersion":3955}