{"stats":{"minecraft:used":{"minecraft:oak_trapdoor":1,"minecraft:oak_fence":17,"minecraft:purpur_block":25,"minecraft:trident":2,"minecraft:light_blue_stained_glass_pane":2,"minecraft:netherite_sword":1,"minecraft:enchanting_table":3,"minecraft:stone_sword":3,"minecraft:flint_and_steel":2,"minecraft:redstone":13,"minecraft:diamond_hoe":43,"minecraft:chest":3,"minecraft:tinted_glass":32,"minecraft:ender_chest":1,"minecraft:stone":41,"minecraft:sculk":1,"minecraft:farmland":22,"minecraft:rotten_flesh":2,"minecraft:netherrack":8,"minecraft:sculk_sensor":10,"minecraft:iron_chestplate":1,"minecraft:oak_door":3,"minecraft:dirt":38,"minecraft:anvil":2,"minecraft:chorus_flower":9,"minecraft:twisting_vines":22,"minecraft:carrot":14,"minecraft:deepslate_tile_slab":20,"minecraft:cracked_deepslate_tiles":306,"minecraft:glow_lichen":4,"minecraft:oak_fence_gate":1,"minecraft:obsidian":10,"minecraft:lava_bucket":66,"minecraft:netherite_shovel":215,"minecraft:coal_ore":16,"minecraft:bookshelf":30,"minecraft:villager_spawn_egg":26,"minecraft:iron_block":377,"minecraft:grass_block":143,"minecraft:oak_stairs":2,"minecraft:jungle_log":132,"minecraft:warped_nylium":16,"minecraft:iron_helmet":1,"minecraft:mossy_cobblestone_slab":87,"minecraft:iron_boots":1,"minecraft:pink_stained_glass_pane":2,"minecraft:yellow_concrete_powder":5,"minecraft:repeater":7,"minecraft:reinforced_deepslate":26,"minecraft:glowstone":9,"minecraft:red_carpet":12,"minecraft:bow":9,"minecraft:lime_stained_glass":3,"minecraft:oak_sapling":1,"minecraft:deepslate_tile_stairs":1,"minecraft:potato":28,"minecraft:red_dye":2,"minecraft:iron_leggings":1,"minecraft:pointed_dripstone":56,"minecraft:light_blue_carpet":67,"minecraft:water_bucket":23,"minecraft:leather_leggings":1,"minecraft:end_stone_bricks":58,"minecraft:cobblestone_stairs":5,"minecraft:chorus_fruit":3,"minecraft:oak_planks":15,"minecraft:ender_pearl":1,"minecraft:leather_chestplate":1,"minecraft:wooden_pickaxe":4,"minecraft:magenta_stained_glass":1,"minecraft:diamond_axe":6,"minecraft:beacon":6,"minecraft:glow_ink_sac":2,"minecraft:gold_ore":6,"minecraft:purpur_pillar":196,"minecraft:warped_roots":1,"minecraft:oak_leaves":50,"minecraft:mossy_cobblestone":11,"minecraft:purpur_stairs":2,"minecraft:crafting_table":2,"minecraft:red_bed":3,"minecraft:sculk_shrieker":2,"minecraft:blast_furnace":1,"minecraft:yellow_concrete":212,"minecraft:crossbow":6,"minecraft:black_concrete_powder":5,"minecraft:end_stone":2,"minecraft:creeper_spawn_egg":6,"minecraft:redstone_torch":6,"minecraft:oak_log":115,"minecraft:sticky_piston":1,"minecraft:diamond_pickaxe":518,"minecraft:black_concrete":148,"minecraft:cherry_hanging_sign":5,"minecraft:diamond_shovel":1,"minecraft:oak_button":1,"minecraft:barrier":109,"minecraft:string":17,"minecraft:netherite_axe":1,"minecraft:lectern":171,"minecraft:leather_helmet":1,"minecraft:stone_slab":17,"minecraft:purpur_slab":22,"minecraft:cherry_sign":3,"minecraft:oak_pressure_plate":1,"minecraft:diamond_ore":8,"minecraft:soul_lantern":7,"minecraft:golden_helmet":1,"minecraft:stone_axe":8,"minecraft:magenta_stained_glass_pane":3,"minecraft:cobblestone":27,"minecraft:cyan_stained_glass_pane":36,"minecraft:grindstone":1,"minecraft:andesite":12,"minecraft:bucket":2,"minecraft:chain":8,"minecraft:glass_pane":1,"minecraft:sea_pickle":20,"minecraft:green_stained_glass":13,"minecraft:chorus_plant":7,"minecraft:sculk_catalyst":22,"minecraft:bone_meal":206,"minecraft:golden_pickaxe":17,"minecraft:cobweb":17},"minecraft:killed":{"minecraft:horse":6,"minecraft:chicken":1,"minecraft:pig":1,"minecraft:zombie_villager":1,"minecraft:zombie":2,"minecraft:villager":5},"minecraft:dropped":{"minecraft:stone_hoe":3,"minecraft:gold_ore":1,"minecraft:netherite_pickaxe":14,"minecraft:lapis_lazuli":192,"minecraft:warped_fungus":1,"minecraft:ender_pearl":3,"minecraft:yellow_concrete":2,"minecraft:grass_block":1,"minecraft:leather_helmet":1,"minecraft:stick":3,"minecraft:flint":2,"minecraft:wooden_axe":2,"minecraft:black_concrete":3,"minecraft:stone_axe":3,"minecraft:stone_sword":2,"minecraft:twisting_vines":1,"minecraft:stone_shovel":1,"minecraft:leather_chestplate":2,"minecraft:coal_ore":2,"minecraft:diamond_pickaxe":1,"minecraft:jungle_log":1,"minecraft:leather_boots":1,"minecraft:leather_leggings":2,"minecraft:stone_pickaxe":3},"minecraft:killed_by":{"minecraft:phantom":1},"minecraft:crafted":{"minecraft:diamond_block":12,"minecraft:lantern":12,"minecraft:diamond":108,"minecraft:diamond_sword":3,"minecraft:emerald":12,"minecraft:enchanted_book":53},"minecraft:mined":{"minecraft:grass_block":2,"minecraft:chorus_flower":1,"minecraft:andesite":15,"minecraft:deepslate_iron_ore":1,"minecraft:stripped_oak_log":1,"minecraft:chorus_plant":1,"minecraft:stone":512,"minecraft:oak_log":4,"minecraft:sand":1,"minecraft:dirt":3,"minecraft:oak_leaves":2},"minecraft:custom":{"minecraft:mob_kills":16,"minecraft:interact_with_anvil":4,"minecraft:interact_with_crafting_table":3,"minecraft:leave_game":115,"minecraft:time_since_death":186886,"minecraft:climb_one_cm":4990,"minecraft:damage_resisted":104,"minecraft:sprint_one_cm":454921,"minecraft:walk_one_cm":1093613,"minecraft:drop":57,"minecraft:talked_to_villager":234,"minecraft:sneak_time":8147,"minecraft:play_time":1683871,"minecraft:deaths":11,"minecraft:walk_under_water_one_cm":1608,"minecraft:jump":3110,"minecraft:walk_on_water_one_cm":3419,"minecraft:enchant_item":275,"minecraft:total_world_time":1683871,"minecraft:traded_with_villager":77,"minecraft:interact_with_grindstone":5,"minecraft:time_since_rest":186911,"minecraft:open_enderchest":3,"minecraft:damage_taken":1261,"minecraft:damage_dealt":2902,"minecraft:interact_with_beacon":11,"minecraft:swim_one_cm":825,"minecraft:fly_one_cm":2638256,"minecraft:open_chest":22,"minecraft:crouch_one_cm":8997,"minecraft:fall_one_cm":19828,"minecraft:horse_one_cm":84955},"minecraft:picked_up":{"minecraft:wooden_axe":6,"minecraft:iron_chestplate":9,"minecraft:nether_wart":119,"minecraft:leather_leggings":3,"minecraft:diamond_horse_armor":1,"minecraft:shield":1,"minecraft:iron_shovel":1,"minecraft:diamond_leggings":1,"minecraft:netherite_sword":1,"minecraft:iron_pickaxe":1,"minecraft:iron_boots":1,"minecraft:stick":15,"minecraft:pointed_dripstone":1,"minecraft:netherite_pickaxe":14,"minecraft:cyan_stained_glass_pane":2,"minecraft:stone_shovel":1,"minecraft:stone_sword":4,"minecraft:rotten_flesh":2,"minecraft:diamond_chestplate":10,"minecraft:beetroot_seeds":10,"minecraft:gold_ingot":12,"minecraft:saddle":1,"minecraft:chorus_flower":1,"minecraft:cobblestone":319,"minecraft:stripped_oak_log":1,"minecraft:birch_log":6,"minecraft:mossy_cobblestone_slab":2,"minecraft:barrier":3,"minecraft:leather_chestplate":3,"minecraft:cooked_beef":5,"minecraft:andesite":13,"minecraft:leather":5,"minecraft:potato":22,"minecraft:flint":2,"minecraft:oak_log":54,"minecraft:lapis_lazuli":229,"minecraft:dirt":5,"minecraft:lantern":12,"minecraft:twisting_vines":19,"minecraft:leather_boots":2,"minecraft:red_carpet":1,"minecraft:glass":1,"minecraft:wheat_seeds":1,"minecraft:stone_pickaxe":5,"minecraft:cooked_chicken":5,"minecraft:stone_hoe":5,"minecraft:book":256,"minecraft:warped_fungus":5,"minecraft:yellow_concrete":1,"minecraft:pink_stained_glass_pane":2,"minecraft:magenta_stained_glass_pane":2,"minecraft:grass_block":1,"minecraft:leather_helmet":2,"minecraft:coal_ore":1,"minecraft:diamond":5,"minecraft:black_concrete":2,"minecraft:stone_axe":5,"minecraft:light_blue_carpet":9,"minecraft:iron_helmet":20,"minecraft:bread":8,"minecraft:emerald":256,"minecraft:warped_roots":21,"minecraft:oak_sapling":3,"minecraft:chorus_fruit":41,"minecraft:coal":86,"minecraft:ender_pearl":3,"minecraft:diamond_pickaxe":1}},"DataVersion":3955}