{"stats":{"minecraft:used":{"minecraft:stone_sword":26,"minecraft:stone_pickaxe":31,"minecraft:spruce_planks":12,"minecraft:shield":5,"minecraft:stone_axe":3,"minecraft:dirt":2,"minecraft:crafting_table":1,"minecraft:furnace":1,"minecraft:potato":11,"minecraft:cooked_beef":4},"minecraft:killed":{"minecraft:skeleton":3},"minecraft:crafted":{"minecraft:oak_planks":8,"minecraft:crafting_table":1,"minecraft:spruce_planks":20,"minecraft:furnace":1},"minecraft:mined":{"minecraft:iron_ore":8,"minecraft:coal_ore":11,"minecraft:oak_log":3,"minecraft:deepslate_iron_ore":2,"minecraft:deepslate":9},"minecraft:custom":{"minecraft:time_since_rest":22437,"minecraft:interact_with_furnace":1,"minecraft:sprint_one_cm":62333,"minecraft:open_enderchest":2,"minecraft:damage_taken":369,"minecraft:walk_one_cm":61816,"minecraft:damage_blocked_by_shield":145,"minecraft:mob_kills":3,"minecraft:damage_dealt":726,"minecraft:swim_one_cm":1587,"minecraft:interact_with_crafting_table":2,"minecraft:fly_one_cm":88108,"minecraft:crouch_one_cm":2260,"minecraft:play_time":22437,"minecraft:sneak_time":806,"minecraft:walk_under_water_one_cm":175,"minecraft:jump":549,"minecraft:leave_game":1,"minecraft:time_since_death":22437,"minecraft:walk_on_water_one_cm":3143,"minecraft:total_world_time":22437,"minecraft:climb_one_cm":1697,"minecraft:damage_resisted":12,"minecraft:fall_one_cm":23972},"minecraft:picked_up":{"minecraft:raw_iron":10,"minecraft:oak_log":2,"minecraft:spruce_log":5,"minecraft:dirt":2,"minecraft:arrow":5,"minecraft:bone":3,"minecraft:cobbled_deepslate":8,"minecraft:coal":13}},"DataVersion":3955}