{"stats":{"minecraft:custom":{"minecraft:time_since_rest":37290,"minecraft:crouch_one_cm":81,"minecraft:play_time":37290,"minecraft:sprint_one_cm":41361,"minecraft:damage_taken":48,"minecraft:walk_one_cm":35390,"minecraft:sneak_time":52,"minecraft:jump":388,"minecraft:leave_game":8,"minecraft:time_since_death":37290,"minecraft:climb_one_cm":664,"minecraft:total_world_time":37290,"minecraft:fall_one_cm":6439,"minecraft:fly_one_cm":45926},"minecraft:picked_up":{"minecraft:coal_ore":2,"minecraft:spruce_log":1,"minecraft:dirt":6},"minecraft:mined":{"minecraft:grass_block":2,"minecraft:dirt":4,"minecraft:spruce_leaves":2,"minecraft:spruce_log":1,"minecraft:fern":3},"minecraft:used":{"minecraft:dirt":6,"minecraft:coal_ore":5,"minecraft:iron_axe":1,"minecraft:iron_sword":2,"minecraft:cooked_beef":1,"minecraft:spruce_log":1}},"DataVersion":3953}