{"minecraft:recipes/decorations/torch":{"criteria":{"has_stone_pickaxe":"2024-09-11 16:37:52 +0000"},"done":true},"minecraft:recipes/food/baked_potato_from_campfire_cooking":{"criteria":{"has_potato":"2024-09-11 16:37:52 +0000"},"done":true},"minecraft:recipes/food/baked_potato_from_smoking":{"criteria":{"has_potato":"2024-09-11 16:37:52 +0000"},"done":true},"minecraft:recipes/food/baked_potato":{"criteria":{"has_potato":"2024-09-11 16:37:52 +0000"},"done":true},"minecraft:story/upgrade_tools":{"criteria":{"stone_pickaxe":"2024-09-11 16:37:52 +0000"},"done":true},"minecraft:recipes/decorations/crafting_table":{"criteria":{"unlock_right_away":"2024-09-11 16:37:52 +0000"},"done":true},"minecraft:recipes/decorations/chest":{"criteria":{"has_lots_of_items":"2024-09-11 16:37:52 +0000"},"done":true},"minecraft:recipes/misc/coal_from_blasting_coal_ore":{"criteria":{"has_coal_ore":"2024-09-11 16:37:52 +0000"},"done":true},"minecraft:recipes/misc/coal_from_smelting_coal_ore":{"criteria":{"has_coal_ore":"2024-09-11 16:37:52 +0000"},"done":true},"minecraft:adventure/adventuring_time":{"criteria":{"minecraft:flower_forest":"2024-09-11 16:38:24 +0000","minecraft:forest":"2024-09-11 16:37:53 +0000","minecraft:swamp":"2024-09-11 18:25:31 +0000","minecraft:dripstone_caves":"2024-10-10 17:43:43 +0000"},"done":false},"minecraft:recipes/combat/diamond_leggings":{"criteria":{"has_diamond":"2024-09-11 16:44:22 +0000"},"done":true},"minecraft:recipes/combat/diamond_sword":{"criteria":{"has_diamond":"2024-09-11 16:44:22 +0000"},"done":true},"minecraft:recipes/decorations/jukebox":{"criteria":{"has_diamond":"2024-09-11 16:44:22 +0000"},"done":true},"minecraft:recipes/combat/diamond_chestplate":{"criteria":{"has_diamond":"2024-09-11 16:44:22 +0000"},"done":true},"minecraft:recipes/combat/diamond_helmet":{"criteria":{"has_diamond":"2024-09-11 16:44:22 +0000"},"done":true},"minecraft:recipes/tools/diamond_pickaxe":{"criteria":{"has_diamond":"2024-09-11 16:44:22 +0000"},"done":true},"minecraft:recipes/building_blocks/diamond_block":{"criteria":{"has_diamond":"2024-09-11 16:44:22 +0000"},"done":true},"minecraft:recipes/tools/diamond_hoe":{"criteria":{"has_diamond":"2024-09-11 16:44:22 +0000"},"done":true},"minecraft:recipes/tools/diamond_shovel":{"criteria":{"has_diamond":"2024-09-11 16:44:22 +0000"},"done":true},"minecraft:story/mine_diamond":{"criteria":{"diamond":"2024-09-11 16:44:22 +0000"},"done":true},"minecraft:recipes/tools/diamond_axe":{"criteria":{"has_diamond":"2024-09-11 16:44:22 +0000"},"done":true},"minecraft:recipes/combat/diamond_boots":{"criteria":{"has_diamond":"2024-09-11 16:44:22 +0000"},"done":true},"minecraft:recipes/decorations/ladder":{"criteria":{"has_stick":"2024-09-11 16:45:58 +0000"},"done":true},"minecraft:recipes/decorations/campfire":{"criteria":{"has_stick":"2024-09-11 16:45:58 +0000"},"done":true},"minecraft:recipes/tools/wooden_hoe":{"criteria":{"has_stick":"2024-09-11 16:45:58 +0000"},"done":true},"minecraft:recipes/tools/wooden_pickaxe":{"criteria":{"has_stick":"2024-09-11 16:45:58 +0000"},"done":true},"minecraft:recipes/tools/wooden_axe":{"criteria":{"has_stick":"2024-09-11 16:45:58 +0000"},"done":true},"minecraft:recipes/tools/wooden_shovel":{"criteria":{"has_stick":"2024-09-11 16:45:58 +0000"},"done":true},"minecraft:recipes/combat/wooden_sword":{"criteria":{"has_stick":"2024-09-11 16:45:58 +0000"},"done":true},"minecraft:recipes/building_blocks/netherite_block":{"criteria":{"has_netherite_ingot":"2024-10-10 17:52:21 +0000"},"done":true},"minecraft:recipes/combat/netherite_boots_smithing":{"criteria":{"has_netherite_ingot":"2024-10-10 17:52:21 +0000"},"done":true},"minecraft:recipes/tools/netherite_shovel_smithing":{"criteria":{"has_netherite_ingot":"2024-10-10 17:52:21 +0000"},"done":true},"minecraft:recipes/combat/netherite_chestplate_smithing":{"criteria":{"has_netherite_ingot":"2024-10-10 17:52:21 +0000"},"done":true},"minecraft:recipes/combat/netherite_sword_smithing":{"criteria":{"has_netherite_ingot":"2024-10-10 17:52:21 +0000"},"done":true},"minecraft:recipes/combat/netherite_leggings_smithing":{"criteria":{"has_netherite_ingot":"2024-10-10 17:52:21 +0000"},"done":true},"minecraft:recipes/tools/netherite_axe_smithing":{"criteria":{"has_netherite_ingot":"2024-10-10 17:52:21 +0000"},"done":true},"minecraft:recipes/tools/netherite_hoe_smithing":{"criteria":{"has_netherite_ingot":"2024-10-10 17:52:21 +0000"},"done":true},"minecraft:recipes/tools/netherite_pickaxe_smithing":{"criteria":{"has_netherite_ingot":"2024-10-10 17:52:21 +0000"},"done":true},"minecraft:recipes/decorations/lodestone":{"criteria":{"has_netherite_ingot":"2024-10-10 17:52:21 +0000"},"done":true},"minecraft:recipes/combat/netherite_helmet_smithing":{"criteria":{"has_netherite_ingot":"2024-10-10 17:52:21 +0000"},"done":true},"minecraft:recipes/misc/gold_ingot_from_blasting_gold_ore":{"criteria":{"has_gold_ore":"2024-10-10 17:56:21 +0000"},"done":true},"minecraft:recipes/misc/gold_ingot_from_smelting_gold_ore":{"criteria":{"has_gold_ore":"2024-10-10 17:56:21 +0000"},"done":true},"minecraft:recipes/building_blocks/emerald_block":{"criteria":{"has_emerald":"2024-10-16 03:17:19 +0000"},"done":true},"DataVersion":3955}